NOMBRE DEL PUNTO DE MONITOREO,n_samples,sanitary_mean,discharge_mean,critical_rate_pct,LATITUD,LONGITUD,DEPARTAMENTO,MUNICIPIO,sanitary_rank,discharge_rank
ARMA_CAL_AGUADAS_DESEMBOCADURA RIO ARMA,4.0,64.325,22.9375,100.0,5.7375,-75.5975,CALDAS,AGUADAS,25.0,58.0
BACHE_HUI_NEIVA_PTE.SAN FRANCISCO METALICO - BACHE,27.0,55.80111111111111,11.292222222222222,100.0,3.053444,-75.357444,HUILA,NEIVA,131.0,127.0
BACHE_HUI_PALERMO_MESA DE HERNANDEZ,10.0,54.503,9.196000000000002,100.0,2.954833,-75.463611,HUILA,PALERMO,156.0,142.0
BACHE_HUI_SANTA MARIA_SOCORRO EL [21127020],24.0,54.5275,13.116666666666665,100.0,2.95425,-75.52105556,HUILA,SANTA MARÍA,155.0,111.0
BACHE_HUI_SANTA MARIA_STA.MARIA [21127030],26.0,55.45692307692308,9.512307692307692,100.0,2.971777778,-75.59244444,HUILA,SANTA MARÍA,137.0,138.0
BLANCO_NAR_CUASPUD_CARLOSAMA [52057040],25.0,50.04600000000001,1.3188,100.0,0.844166667,-77.68588889,NARIÑO,CUASPUD (CARLOSAMA),205.0,208.0
BOGOTA_CUN_BOGOTA_CORTIJO EL 37,14.0,0.0,10.197142857142856,21.428571428571427,4.729092,-74.126761,CUNDINAMARCA,BOGOTÁ D.C.,243.0,134.0
BOGOTA_CUN_CHIA_FRENTE HACIENDA DARIEN,13.0,5.586923076923076,9.790000000000001,38.46153846153847,4.829701,-74.070881,CUNDINAMARCA,CHÍA,242.0,137.0
BOGOTA_CUN_CHIA_PTE.EL COMUN,27.0,30.783703703703704,4.667407407407407,66.66666666666666,4.863694444,-74.02911111,CUNDINAMARCA,CHÍA,233.0,174.0
CARARE_SAN_PUERTO PARRA_DESEMBOCADURA RIO CARARE,10.0,56.724000000000004,27.724,100.0,6.778055556,-74.10333333,SANTANDER,PUERTO PARRA,103.0,39.0
CATATUMBO_NOR_TIBU_PTO.BARCO-GABARRA [16067010],11.0,56.56909090909091,14.6,100.0,9.003611111,-72.9,NORTE DE SANTANDER,TIBÚ,108.0,106.0
CEIBAS_HUI_NEIVA_EL BATÁN,9.0,47.282222222222224,1.9233333333333331,100.0,2.796782,-75.074942,HUILA,NEIVA,216.0,201.0
CEIBAS_HUI_NEIVA_LA LINDOSA,12.0,41.555,6.5249999999999995,83.33333333333334,2.877222,-75.147778,HUILA,NEIVA,224.0,161.0
CHICAMOCHA_BOY_TIPACOQUE_PLAYA LA [24037280],23.0,62.02521739130435,31.59391304347826,100.0,6.383333333,-72.71666667,BOYACÁ,COVARACHÍA,40.0,16.0
CIMITARRA_BOL_SAN PABLO_DESEMBOCADURA RIO CIMITARRA,12.0,59.08500000000001,23.706666666666663,100.0,7.4675,-73.92388889,BOLÍVAR,SAN PABLO,70.0,55.0
COMBEIMA_TOL_IBAGUE_YULDAIMA [21217260],22.0,54.55272727272727,13.09909090909091,100.0,4.4385,-75.24280556,TOLIMA,IBAGUÉ,153.0,112.0
CÑO.SAN SILVESTRE_SAN_BARRANCABERMEJA_PTE.FERROCARRIL CGA.SAN SILVESTRE [24057070],8.0,77.50125,0.0,100.0,7.109444444,-73.85472222,SANTANDER,BARRANCABERMEJA,4.0,214.0
FORTALECILLAS_HUI_TELLO_LA VICTORIA - FORTALECILLAS,12.0,56.31583333333334,7.614166666666667,100.0,2.99621,-75.11486,HUILA,TELLO,113.0,153.0
FRIO_HUI_RIVERA_LAS JUNTAS,10.0,30.481999999999992,2.298,60.0,2.758056,-75.211944,HUILA,RIVERA,234.0,197.0
GUACHICOS_HUI_PITALITO_PTE.BRUSELAS,10.0,50.176,2.245,100.0,1.785,-76.163889,HUILA,PITALITO,201.0,198.0
GUAITARA/ANGASMAYO_NAR_IMUES_PILCUAN [52057010],11.0,33.38727272727272,11.590909090909092,72.72727272727273,1.021777778,-77.47280556,NARIÑO,IMUÉS,231.0,119.0
GUAITARA/QDA.DE EL MORRO_NAR_IPIALES_PTE.RUMICHACA [52057100],21.0,49.0547619047619,4.562857142857143,95.23809523809523,0.813786111,-77.66197778,NARIÑO,IPIALES,207.0,176.0
GUAITARA_NAR_EL TAMBO_SAN PEDRO [52057050],13.0,31.668333333333333,11.549999999999999,61.53846153846154,1.383,-77.48227778,NARIÑO,LINARES,232.0,120.0
GUAITARA_NAR_LOS ANDES_AGROYACO [52057030],23.0,65.82565217391304,21.374347826086954,100.0,1.574388889,-77.44197222,NARIÑO,LOS ANDES (SOTOMAYOR),16.0,64.0
GUALI_TOL_HONDA_DESEMBOCADURA RIO GUALI,4.0,63.0025,19.415,100.0,5.20525,-74.73563889,TOLIMA,HONDA,31.0,73.0
GUALI_TOL_HONDA_PTE.LOPEZ [23017030],19.0,62.781578947368416,31.3,100.0,5.203888889,-74.74111111,TOLIMA,HONDA,32.0,19.0
GUARAPAS_HUI_PALESTINA_CABILDO INDÍGENA YACUAS,10.0,48.976,0.0,100.0,1.705,-76.125,HUILA,PALESTINA,209.0,214.0
GUARAPAS_HUI_PALESTINA_PTE GUILLERMO PLAZAS,16.0,46.991875,0.0,93.75,1.715833,-76.123333,HUILA,PALESTINA,217.0,214.0
GUARAPAS_HUI_PALESTINA_PTE.FUNDADORES,25.0,48.5784,1.7216,96.0,1.766109,-76.08939,HUILA,PALESTINA,210.0,204.0
GUARAPAS_HUI_PITALITO_ANTES DESEMBOCADURA EN RIO MAGDALENA,5.0,51.172000000000004,0.0,100.0,1.877277778,-76.16143611,HUILA,PITALITO,196.0,214.0
GUARAPAS_HUI_PITALITO_DESEMBOCADURA DE RIO GUACHICOS,24.0,55.364583333333336,2.7600000000000002,100.0,1.868451,-76.145781,HUILA,PITALITO,139.0,194.0
GUIZA_NAR_RICAURTE_PIPIGUAY [51027050],22.0,38.133636363636356,2.9713636363636367,77.27272727272727,1.236944444,-78.09722222,NARIÑO,RICAURTE,225.0,193.0
LEBRIJA_CES_AGUACHICA_DESEMBOCADURA RIO LEBRIJA,11.0,56.15909090909091,4.622727272727273,100.0,8.131111111,-73.77305556,CESAR,AGUACHICA,120.0,175.0
LEBRIJA_SAN_GIRON_CAFE MADRID [23197290],38.0,57.20157894736842,19.049210526315797,100.0,7.17,-73.15,SANTANDER,GIRÓN,91.0,76.0
LEBRIJA_SAN_LEBRIJA_ANGOSTURAS [23197400],6.0,56.166666666666664,29.189999999999998,100.0,7.335277778,-73.33083333,SANTANDER,LEBRIJA,119.0,34.0
LEBRIJA_SAN_PUERTO WILCHES_SAN JUAN DE LOS CHORROS  [2319700096],7.0,56.81857142857143,38.72714285714285,100.0,7.692805556,-73.774055556,SANTANDER,PUERTO WILCHES,100.0,5.0
MAGDALENA/CANAL DEL DIQUE_ATL_SANTA LUCIA_INCORA K-7 [29037360],30.0,61.42833333333333,29.943333333333335,96.66666666666667,10.30280833,-74.94655833,ATLANTICO,SANTA LUCIA,43.0,30.0
MAGDALENA_BOL_SAN PABLO_SAN PABLO RIO MAGDALENA  - AUT [23207040],7.0,56.81285714285714,28.437142857142856,100.0,7.480333333,-73.918555556,BOLÍVAR,SAN PABLO,101.0,37.0
MAGDALENA_HUI_AGRADO_PTE.BALSEADERO [21047010],42.0,56.19547619047619,15.584285714285713,97.61904761904762,2.232361111,-75.64855556,HUILA,AGRADO,117.0,99.0
MAGDALENA_HUI_AIPE_ANTES DEL RIO AIPE (DESPUÉS DE POBLACIONES AIPE Y VILLAVIEJA),7.0,53.62428571428571,3.2914285714285714,100.0,3.258806,-75.228506,HUILA,AIPE,166.0,187.0
MAGDALENA_HUI_ALTAMIRA_DESPUES VERTIMIENTOS DE ALTAMIRA,2.0,65.65,11.53,100.0,2.106561,-75.765027,HUILA,ALTAMIRA,20.0,122.0
MAGDALENA_HUI_ELIAS_SALADO BLANCO [21017040],24.0,51.848749999999995,4.507083333333333,100.0,1.9880833,-76.012083333,HUILA,ELÍAS,186.0,179.0
MAGDALENA_HUI_GIGANTE_LAS VUELTAS MG-4,12.0,55.16833333333333,13.158333333333333,100.0,2.527108,-75.537722,HUILA,GIGANTE,142.0,110.0
MAGDALENA_HUI_GIGANTE_SALIDA REPRESA EL QUIMBO,14.0,51.33666666666667,3.0679999999999996,100.0,2.456111,-75.568333,HUILA,GIGANTE,193.0,190.0
MAGDALENA_HUI_NEIVA _DESPUES VERTIMIENTOS MUNICIPIO NEIVA (1000 metros),2.0,56.065,11.47,100.0,2.99285,-75.276223,HUILA,NEIVA,125.0,124.0
MAGDALENA_HUI_NEIVA_FRENTE PUERTO LA CEBOLLERA,19.0,54.81999999999999,4.7368421052631575,100.0,2.9925,-75.26916667,HUILA,NEIVA,149.0,172.0
MAGDALENA_HUI_PALERMO_ESPERANZA LA [21097120],30.0,57.28548387096775,1.3348387096774192,100.0,2.728416667,-75.39638889,HUILA,PALERMO,90.0,207.0
MAGDALENA_HUI_PITALITO_PTE.PASO LA LAGUNA,25.0,50.531600000000005,6.5048,96.0,1.950639,-76.058667,HUILA,PITALITO,200.0,162.0
MAGDALENA_HUI_SAN AGUSTIN_MAGDALENA LA [21017060],26.0,45.348076923076924,0.0,96.15384615384616,1.905,-76.40111111,HUILA,SAN AGUSTÍN,219.0,214.0
MAGDALENA_HUI_TARQUI_PTE.GUACAS,12.0,56.56,5.6691666666666665,100.0,2.156447,-75.73695,HUILA,TARQUI,109.0,167.0
MAGDALENA_HUI_TARQUI_PTE.SAN ESTEBAN,15.0,50.082,7.606666666666667,93.33333333333333,2.101944,-75.811944,HUILA,TARQUI,204.0,154.0
MAGDALENA_SAN_PUERTO PARRA_DESPUES DEL RIO CARARE,3.0,56.52,22.536666666666665,100.0,6.795694,-74.093484,SANTANDER,PUERTO PARRA,111.0,62.0
MAGDALENA_SAN_PUERTO WILCHES_PTO.WILCHES [23187010],7.0,56.89714285714286,32.42857142857142,100.0,7.344388889,-73.90505556,SANTANDER,PUERTO WILCHES,96.0,12.0
MAGDALENA_SAN_PUERTO WILCHES_SITIO NUEVO R-11 [23187280],14.0,56.84285714285714,26.29642857142857,100.0,7.784,-73.80191667,SANTANDER,PUERTO WILCHES,97.0,48.0
MIRA_NAR_TUMACO_SAN JUAN [51027060],24.0,47.97,11.504166666666668,87.5,1.423888889,-78.67027778,NARIÑO,TUMACO,214.0,123.0
NARANJOS/SOMBRERILLO_HUI_SAN AGUSTIN_PTE.SOBRE EL NARANJOS/SOMBRERILLO,26.0,45.29884615384614,2.039230769230769,92.3076923076923,1.869694,-76.233639,HUILA,SAN AGUSTÍN,220.0,200.0
NEGRO_BOY_PUERTO BOYACA_DESEMBOCADURA RIO NEGRO,5.0,56.760000000000005,18.412,100.0,5.736085,-74.644393,CUNDINAMARCA,PUERTO SALGAR,102.0,81.0
NEIVA_HUI_ALGECIRAS_CASIL EL [21107030],26.0,54.75384615384615,11.42576923076923,100.0,2.544777778,-75.30155556,HUILA,ALGECIRAS,151.0,125.0
NEIVA_HUI_RIVERA_DESEMBOCADURA RIO NEIVA,28.0,53.127500000000005,10.099285714285715,100.0,2.780603,-75.332525,HUILA,RIVERA,173.0,136.0
OPON_SAN_BARRANCABERMEJA_DESEMBOCADURA RIO OPON,12.0,59.31166666666667,26.61666666666667,100.0,6.959889,-73.886806,SANTANDER,BARRANCABERMEJA,68.0,46.0
PAEZ_CAU_PAEZ_PTE.RICAURTE [21057030],25.0,58.07640000000001,13.943599999999998,100.0,2.52,-75.96,CAUCA,PÁEZ (BELALCÁZAR),85.0,108.0
QDA.DE GARZON_HUI_GARZON_FINCA SAN BENITO,10.0,47.913,0.0,100.0,2.182778,-75.599444,HUILA,GARZÓN,215.0,214.0
QDA.EL MICO_HUI_NEIVA_LOS MICOS,10.0,33.935,0.0,90.0,2.915278,-75.1325,HUILA,NEIVA,230.0,214.0
QDA.LA MARIA_HUI_TERUEL_CAV TERUEL,10.0,38.066,0.0,80.0,2.7625,-75.575278,HUILA,TERUEL,226.0,214.0
RCA_ALGODONAL_NOR_OCANA_LA CABANA [16057030],28.0,56.5475,8.242500000000001,100.0,8.197805556,-73.31825,NORTE DE SANTANDER,OCAÑA,110.0,149.0
RCA_AMAZONAS_AMA_LETICIA_LETICIA [48017010],34.0,63.480294117647055,24.667058823529413,100.0,-4.222527778,-69.94272222,AMAZONAS,LETICIA,29.0,52.0
RCA_AMAZONAS_AMA_LETICIA_NAZARETH [48017030],33.0,60.19909090909091,25.178787878787883,100.0,-4.120194444,-70.03608333,AMAZONAS,LETICIA,54.0,51.0
RCA_ANIMEGRANDE_CES_CHIRIGUANA_PTE.CARRETERA [25027890],7.0,65.91142857142857,9.454285714285716,100.0,9.350135,-73.492699,CESAR,CHIRIGUANÁ,15.0,139.0
RCA_ARACATACA_MAG_ARACATACA_PTE.FERROCARRIL [29067130],31.0,48.12193548387098,3.0412903225806454,90.32258064516128,10.58580556,-74.19211111,MAGDALENA,ARACATACA,213.0,191.0
RCA_ARIARI_MET_PUERTO RICO_PTO.RICO [32077080],34.0,54.674705882352946,27.027058823529412,97.05882352941177,2.94,-73.21,META,PUERTO RICO,152.0,43.0
RCA_ARIGUANI_MAG_ARIGUANI_PALMARIGUANI[28047050],16.0,63.113125,18.118125,100.0,9.930972222,-73.95880556,MAGDALENA,ARIGUANÍ (EL DIFICIL),30.0,82.0
RCA_ARMA_CAL_AGUADAS_QUITA SUENO [26187040],27.0,55.842592592592595,17.04,96.29629629629629,5.713611111,-75.540277778,CALDAS,AGUADAS,129.0,87.0
RCA_ATRATO_CHO_EL CARMEN_SIETE EL [11027030],8.0,62.3775,20.7175,100.0,5.862,-76.15205556,CHOCÓ,EL CARMEN,38.0,65.0
RCA_ATRATO_CHO_QUIBDO_QUIBDO [11047020],32.0,64.31424242424242,16.430909090909093,93.93939393939394,5.697778056,-76.662222222,CHOCÓ,QUIBDÓ,26.0,95.0
RCA_BOGOTA_CUN_COTA_PTE.LA VIRGEN [21208110],56.0,54.9280701754386,2.536491228070175,100.0,4.799322222,-74.09586944,CUNDINAMARCA,COTA,146.0,195.0
RCA_BOGOTA_CUN_EL COLEGIO_PTE.CARRETERA LA MESA - MESITAS,48.0,53.54208333333333,38.63270833333333,100.0,4.598969,-74.43601,CUNDINAMARCA,EL COLEGIO,167.0,6.0
RCA_BOGOTA_CUN_GIRARDOT_CAMPINA LA [21209200],58.0,54.44344827586207,35.31068965517241,100.0,4.304888889,-74.793777778,CUNDINAMARCA,GIRARDOT,158.0,8.0
RCA_BOGOTA_CUN_SOACHA_ALICACHIN - EL SALTO [21207120],56.0,53.126785714285724,53.12785714285714,98.21428571428571,4.544847222,-74.25826944,CUNDINAMARCA,SOACHA,174.0,1.0
RCA_BOGOTA_CUN_TOCAIMA_PTE.PORTILLO [21207960],58.0,53.24758620689654,39.24534482758621,98.27586206896551,4.454861111,-74.60852778,CUNDINAMARCA,TOCAIMA,171.0,4.0
RCA_BOGOTA_CUN_TOCANCIPA_PTE.TULIO BOTERO-BOGOTA,48.0,57.95333333333334,0.9387500000000001,97.91666666666666,4.971916667,-73.91613889,CUNDINAMARCA,TOCANCIPÁ,87.0,211.0
RCA_BOGOTA_CUN_VILLAPINZON_PTE.CARRETERA-BOGOTA,48.0,55.82874999999999,0.625,97.91666666666666,5.218611,-73.595556,CUNDINAMARCA,VILLAPINZÓN,130.0,213.0
RCA_BOGOTA_CUN_VILLAPINZON_SANPEDRO-BOGOTA,48.0,58.62979166666668,6.76875,97.91666666666666,5.194722222,-73.61388889,CUNDINAMARCA,VILLAPINZÓN,78.0,158.0
RCA_CABRERA_HUI_COLOMBIA_CARRASPOSO [21147030],45.0,54.973777777777784,16.051333333333336,93.33333333333333,3.327527778,-74.86691667,HUILA,COLOMBIA,145.0,97.0
RCA_CABRERA_HUI_VILLAVIEJA_SAN ALFONSO [21147010],51.0,56.18,17.197307692307692,96.15384615384616,3.3705,-75.11416667,HUILA,VILLAVIEJA,118.0,86.0
RCA_CALOSTROS_CUN_LA CALERA_BOCATOMA EAAB [35027520],11.0,29.98909090909091,0.0,72.72727272727273,4.661027778,-73.833333333,CUNDINAMARCA,LA CALERA,235.0,214.0
RCA_CALOSTROS_CUN_LA CALERA_CALOSTROS BAJO [35027510],13.0,20.318461538461538,0.0,61.53846153846154,4.6645,-73.863083333,CUNDINAMARCA,LA CALERA,238.0,214.0
RCA_CANAL DEL DIQUE_BOL_MARIA LA BAJA_STA.HELENA1[29037370],30.0,64.01741935483871,32.08387096774193,100.0,10.05861111,-75.40277778,BOLÍVAR,MARÍA LA BAJA,28.0,14.0
RCA_CANE_BOY_VILLA DE LEIVA_PUENTE CHACON [24017740],3.0,52.24,0.0,100.0,5.677888889,-73.54213889,BOYACÁ,VILLA DE LEIVA,184.0,214.0
RCA_CARARE_SAN_CIMITARRA_STA.ROSA [23127060],30.0,53.169999999999995,37.20166666666667,100.0,6.291944444,-74.09833333,SANTANDER,CIMITARRA,172.0,7.0
RCA_CARDENILLO_BOY_GUICAN_LAPLAYA CARDENILLO [24037001],25.0,36.9712,1.6563999999999999,80.0,6.499555556,-72.37613889,BOYACÁ,GUICÁN,227.0,205.0
RCA_CARDENILLO_BOY_GUICAN_PTE.VDA CALVARIO [24037620],26.0,43.60961538461538,1.1538461538461537,80.76923076923077,6.490361111,-72.407,BOYACÁ,GUICÁN,221.0,210.0
RCA_CARDENILLO_BOY_GUICAN_RITACUBA NEGRO [24037630],24.0,41.602916666666665,0.0,95.83333333333334,6.509055556,-72.3295,BOYACÁ,GUICÁN,223.0,214.0
RCA_CARRAIPIA_LGU_MAICAO_PARAGUACHON[15087080],7.0,50.17,4.7542857142857144,85.71428571428571,11.36013889,-72.13244444,LA GUAJIRA,MAICAO,202.0,171.0
RCA_CASANARE_ARA_CRAVO NORTE_CRAVONORTE [36027050],32.0,70.89666666666666,21.89121212121212,100.0,6.295638889,-70.19433333,ARAUCA,CRAVO NORTE,8.0,63.0
RCA_CATATUMBO_NOR_TEORAMA_QUINCE LETRAS [16057040],17.0,58.42823529411765,17.881176470588233,100.0,8.541111111,-73.24611111,NORTE DE SANTANDER,TEORAMA,81.0,85.0
RCA_CAUCA_ANT_CAUCASIA_LA COQUERA [26247020],33.0,59.92029411764706,30.43794117647059,100.0,7.96,-75.2,ANTIOQUIA,CAUCASIA,60.0,26.0
RCA_CAUCA_ANT_SANTA FE DE ANTIOQUIA_CANAFISTO [26217050],27.0,59.96178571428572,31.971785714285712,100.0,6.417972222,-75.81925,ANTIOQUIA,SANTA FE DE ANTIOQUIA,59.0,15.0
RCA_CAUCA_BOL_SAN JACINTO DEL CAUCA_LAS VARAS [25027200],32.0,60.17424242424242,30.773030303030303,96.96969696969697,8.39,-74.56,BOLÍVAR,SAN JACINTO DEL CAUCA,55.0,22.0
RCA_CAUCA_CAL_AGUADAS_LA PINTADA [26187110],21.0,55.21952380952381,23.30809523809524,100.0,5.7414778,-75.6005638,CALDAS,AGUADAS,141.0,57.0
RCA_CAUCA_CAL_NEIRA_IRRA [26167070],34.0,58.3585294117647,20.202647058823526,97.05882352941177,5.268305556,-75.66419444,CALDAS,NEIRA,82.0,70.0
RCA_CAUCA_CAU_BUENOS AIRES_BALSA LA [26027010],6.0,53.865,7.670000000000001,100.0,3.09169444,-76.59908333,CAUCA,BUENOS AIRES,162.0,152.0
RCA_CAUCA_CAU_POPAYAN_JULUMITO [26017020],32.0,84.8875,8.1734375,100.0,2.467583333,-76.64430556,CAUCA,POPAYÁN,2.0,150.0
RCA_CAUCA_CAU_POPAYAN_PUENTE LA VARIANTE,1.0,87.48,0.0,100.0,2.463006,-76.634722,CAUCA,POPAYÁN,1.0,214.0
RCA_CAUCA_CAU_SANTANDER DE QUILICHAO_LA BOLSA [26027180],13.0,65.23615384615384,12.449230769230768,100.0,4.3013407,-76.49985,CAUCA,SANTANDER DE QUILICHAO,21.0,116.0
RCA_CAUCA_RIS_LA VIRGINIA_LA VIRGINIA [26177030],32.0,59.99187499999999,14.400625000000002,96.875,4.8925,-75.882694444,RISARALDA,LA VIRGINIA,58.0,107.0
RCA_CAUCA_VAL_CANDELARIA_JUANCHITO [26067010],32.0,62.67575757575758,20.585151515151512,100.0,3.45160833,-76.47538333,VALLE DEL CAUCA,CANDELARIA,34.0,66.0
RCA_CAUCA_VAL_GUADALAJARA DE BUGA_MEDIACANOA [26087140],13.0,60.382307692307684,12.503076923076925,100.0,3.88961111,-76.34997222,VALLE DEL CAUCA,GUADALAJARA DE BUGA,51.0,115.0
RCA_CAUCA_VAL_LA VICTORIA_VICTORIA LA [26107070],28.0,65.75964285714285,16.486785714285716,100.0,4.524884,-76.0437,VALLE DEL CAUCA,LA VICTORIA,19.0,92.0
RCA_CAUCA_VAL_YUMBO_PASO DE LA TORRE - CAUCA,19.0,62.446315789473694,12.193157894736842,100.0,3.646388889,-76.45194444,VALLE DEL CAUCA,YUMBO,37.0,117.0
RCA_CESAR_CES_EL PASO_PTE.CANOAS [28037090],16.0,58.7725,20.509999999999998,100.0,9.648193,-73.646367,CESAR,EL PASO,75.0,67.0
RCA_CESAR_CES_VALLEDUPAR_PTESALGUERO [28037030],22.0,59.86318181818182,15.125,100.0,10.38411111,-73.23247222,CESAR,VALLEDUPAR,62.0,102.0
RCA_CESAR_LGU_SAN JUAN DEL CESAR_CORRAL DE PIEDRA [28017080],21.0,51.527272727272724,3.0090909090909093,95.45454545454545,10.81891667,-73.05508333,LA GUAJIRA,SAN JUAN DEL CESAR,191.0,192.0
RCA_CGA.ZAPATOZA_CES_CHIMICHAGUA_SALOA [25027140],5.0,68.56800000000001,6.645999999999999,100.0,9.2497222,-73.806666666,CESAR,CHIMICHAGUA,10.0,159.0
RCA_CHICAMOCHA_BOY_COVARACHIA_CAPITANEJO [24037390],26.0,55.755384615384614,29.196153846153848,100.0,6.5124028,-72.692761111,SANTANDER,CAPITANEJO,132.0,33.0
RCA_CHICAMOCHA_BOY_PAZ DE RIO_PAZ DE RIO [24037510],52.0,61.2801923076923,10.586923076923076,100.0,5.9877472,-72.744522222,BOYACÁ,PAZ DE RIO,47.0,133.0
RCA_CHICAMOCHA_BOY_SOGAMOSO_PTE.CHAMEZA [24037290],46.0,60.69195652173914,5.737608695652174,97.82608695652173,5.759888889,-72.90652778,BOYACÁ,SOGAMOSO,50.0,166.0
RCA_CHICAMOCHA_BOY_SOTAQUIRA_LA REFORMA [24037130],3.0,50.85666666666666,0.0,100.0,5.748833333,-73.18988889,BOYACÁ,SOTAQUIRÁ,198.0,214.0
RCA_CHICAMOCHA_BOY_TIBASOSA_SAN RAFAEL [24037190],55.0,59.53618181818182,1.1554545454545455,96.36363636363636,5.807611111,-73.01380556,BOYACÁ,TIBASOSA,66.0,209.0
RCA_CHICAMOCHA_SAN_JORDAN_JORDAN EL [24037360],40.0,52.94775,29.725749999999998,95.0,6.749722222,-73.09666667,SANTANDER,LOS SANTOS,177.0,32.0
RCA_CHINCHINA_CAL_MANIZALES_RETIRO EL [26157020],31.0,56.12548387096775,22.754516129032258,100.0,5.126777778,-75.67119444,CALDAS,PALESTINA,122.0,60.0
RCA_CHINCHINA_CAL_MANIZALES_SANTAGUEDA [2615700213],2.0,55.7,0.0,100.0,5.080369444,-75.666305556,CALDAS,MANIZALES,133.0,214.0
RCA_CHIVOR_CUN_UBALA_UBALA [35067030],54.0,64.6687037037037,17.92425925925926,94.44444444444444,4.780222222,-73.49183333,CUNDINAMARCA,UBALÁ,24.0,84.0
RCA_CHULO_BOY_TUTA_PILAS LAS [24037250],43.0,52.528372093023265,27.7146511627907,95.34883720930233,5.666666667,-73.26666667,BOYACÁ,TUTA,181.0,40.0
RCA_CLARO_CAL_VILLAMARIA_CLARO [26157060],10.0,27.083000000000006,3.133,60.0,5.0,-75.55,CALDAS,VILLAMARIA,236.0,188.0
RCA_CLARO_CAL_VILLAMARIA_PTE.LA FONDA [23057701],7.0,17.937142857142856,0.0,42.857142857142854,4.870222222,-75.402361111,CALDAS,VILLAMARIA,240.0,214.0
RCA_COELLO_TOL_SAN LUIS_PAYANDE [21217070],43.0,52.63441860465117,23.78302325581395,100.0,4.3013407,-75.0903693,TOLIMA,SAN LUIS,180.0,54.0
RCA_COMBEIMA_TOL_IBAGUE_MONTEZUMA [21217180],35.0,51.34916666666667,7.253055555555556,97.22222222222221,4.4819444,-75.28611111,TOLIMA,IBAGUÉ,192.0,156.0
RCA_CRAVO SUR_CAS_YOPAL_PTE.YOPAL [35217010],44.0,54.216136363636366,16.60022727272727,95.45454545454545,5.369,-72.41372222,CASANARE,YOPAL,159.0,90.0
RCA_CUSIANA_BOY_PAJARITO_PAJARITO [35197190],15.0,48.24399999999999,11.044,86.66666666666667,5.283472222,-72.70194444,BOYACÁ,PAJARITO,212.0,128.0
RCA_CUSIANA_CAS_MANI_MANI [35197180],43.0,59.16581395348837,18.96302325581395,97.67441860465115,4.817,-72.29138889,CASANARE,MANÍ,69.0,77.0
RCA_DE ORO_SAN_GIRON_PALOGORDO [23197690],9.0,54.45777777777778,7.203333333333333,100.0,6.969166667,-73.13055556,SANTANDER,GIRÓN,157.0,157.0
RCA_DE ORO_SAN_PIEDECUESTA_CONQUISTADOR EL [23197430],30.0,55.10166666666667,4.261,96.66666666666667,6.989444444,-73.04111111,SANTANDER,PIEDECUESTA,143.0,182.0
RCA_DE ORO_SAN_PIEDECUESTA_PIEDECUESTANA [2319700100],7.0,53.07571428571429,4.6814285714285715,100.0,6.993072222,-73.035469444,SANTANDER,PIEDECUESTA,175.0,173.0
RCA_FONCE_SAN_SAN GIL_SAN GIL [24027010],38.0,59.01736842105263,12.947105263157894,100.0,6.546666667,-73.12805556,SANTANDER,SAN GIL,72.0,114.0
RCA_FRIO_MAG_ZONA BANANERA_FRIO [29067070],12.0,34.07076923076924,0.0,69.23076923076923,10.903945,-74.147716,MAGDALENA,CIÉNAGA,229.0,214.0
RCA_FUNDACION_MAG_FUNDACION_FUNDACION [29067120],23.0,52.816521739130444,8.29565217391304,86.95652173913044,10.525085,-74.182576,MAGDALENA,FUNDACIÓN,178.0,147.0
RCA_GARAGOA_BOY_GARAGOA_CARACOL EL [35077120],12.0,56.598333333333336,10.968333333333334,91.66666666666666,5.056861111,-73.39033333,BOYACÁ,GARAGOA,107.0,130.0
RCA_GUAMUES_NAR_PASTO_LA COCHA [47017020],41.0,20.304761904761904,0.0,47.61904761904761,0.989722222,-77.15722222,NARIÑO,PASTO,239.0,214.0
RCA_GUARINO_TOL_HONDA_PTE.CARRETERA [23027060],35.0,56.25171428571429,22.81571428571429,100.0,5.289277778,-74.74608333,TOLIMA,HONDA,114.0,59.0
RCA_GUATIQUIA_MET_VILLAVICENCIO_PTE.ABADIA [35037100],37.0,55.38945945945947,20.357567567567568,97.2972972972973,4.235333333,-73.63536111,META,VILLAVICENCIO,138.0,69.0
RCA_GUAVIARE_MET_MAPIRIPAN_MAPIRIPAN [32097010],28.0,66.18535714285714,25.807142857142857,100.0,2.889722222,-72.13011111,META,MAPIRIPÁN,14.0,50.0
RCA_GUAVIARE_VIC_CUMARIBO_CEJAL [32207010],32.0,59.878484848484845,16.46909090909091,93.93939393939394,3.993665,-68.333828,VICHADA,CUMARIBO,61.0,93.0
RCA_GUAVIO_CUN_GACHETA_PTE.REYES [35067330],23.0,53.80173913043478,4.2700000000000005,82.6086956521739,4.81775,-73.64261111,CUNDINAMARCA,GACHETÁ,164.0,181.0
RCA_GUAVIO_CUN_JUNIN_PTE.HOLGUIN [35067050],31.0,64.94645161290322,9.346451612903227,96.7741935483871,4.799055556,-73.62922222,CUNDINAMARCA,GACHETÁ,23.0,140.0
RCA_GUAYURIBA_MET_VILLAVICENCIO_PTE.CARRETERA [35027140],36.0,58.31194444444444,30.543055555555554,100.0,4.04947,-73.76442,META,VILLAVICENCIO,84.0,25.0
RCA_GUEJAR_MET_VISTA HERMOSA_PINALITO [32077070],39.0,56.81975,11.5405,97.5,2.97548,-73.67673,META,VISTAHERMOSA,99.0,121.0
RCA_GUIZA_NAR_RICAURTE_PILISPI [51027020],47.0,48.464680851063825,1.612127659574468,87.2340425531915,1.206083333,-77.98513889,NARIÑO,RICAURTE,211.0,206.0
RCA_HACHA_CAQ_FLORENCIA_FLORENCIA [44037060],43.0,51.633023255813946,2.184186046511628,93.02325581395348,1.621166667,-75.61922222,CAQUETA,FLORENCIA,190.0,199.0
RCA_HUMEA_CUN_PARATEBUENO_CABLE EL [35057010],36.0,50.0945945945946,17.926216216216215,91.8918918918919,4.396951,-73.292706,CUNDINAMARCA,PARATEBUENO,203.0,83.0
RCA_INIRIDA_GUAI_INIRIDA_PTO.INIRIDA [31097020],34.0,79.79705882352943,0.0,100.0,3.867666667,-67.931694444,GUAINÍA,INÍRIDA,3.0,214.0
RCA_LA COLORADA_SAN_SIMACOTA_AYACUCHO [23147040],9.0,59.62111111111111,25.834444444444443,100.0,6.855805556,-73.76933333,SANTANDER,SIMACOTA,65.0,49.0
RCA_LA MIEL_ANT_SONSON_SAN MIGUEL [23057140],35.0,52.78742857142857,14.981142857142858,97.14285714285714,5.731027778,-74.72583333,ANTIOQUIA,SONSÓN,179.0,103.0
RCA_LA VIEJA_VAL_CARTAGO_CARTAGO [26127040],30.0,58.8016129032258,16.135161290322582,100.0,4.757611111,-75.89925,RISARALDA,PEREIRA,74.0,96.0
RCA_LAG.DE TOTA_BOY_AQUITANIA_ESCALERAS [35097070],44.0,23.282727272727275,0.0,56.81818181818182,5.491944444,-72.9385,BOYACÁ,TOTA,237.0,214.0
RCA_LAG.GUAMUEZ_NAR_PASTO_SINDAMANOY [47017580],41.0,12.822682926829268,0.0,39.02439024390244,1.135222222,-77.14719444,NARIÑO,PASTO,241.0,214.0
RCA_LAGUNILLA_TOL_LERIDA_ESMERALDA LA [21257090],36.0,55.06944444444445,16.49055555555556,97.22222222222221,4.890777778,-74.85313889,TOLIMA,LÉRIDA,144.0,91.0
RCA_LAS CEIBAS_HUI_NEIVA_GUAYABO [21117080],41.0,46.666666666666664,2.298095238095238,90.47619047619048,2.92,-75.15,HUILA,NEIVA,218.0,196.0
RCA_LEBRIJA_SAN_SABANA DE TORRES_SAN RAFAEL [23197370],27.0,55.605555555555554,34.75592592592592,100.0,7.578055556,-73.56055556,SANTANDER,SABANA DE TORRES,135.0,9.0
RCA_LENGUAZAQUE_CUN_LENGUAZAQUE_BOQUERON [24017610],52.0,67.75301886792454,1.7815094339622641,100.0,5.32825,-73.69972222,CUNDINAMARCA,LENGUAZAQUE,12.0,202.0
RCA_MAGDALENA BZO.DE LOBA_BOL_MAGANGUE_MAGANGUE [25027680],36.0,64.26864864864865,28.927837837837835,100.0,9.24,-74.74166667,BOLÍVAR,MAGANGUÉ,27.0,35.0
RCA_MAGDALENA BZO.MOMPOS_MAG_SANTA ANA_SANTA ANA [25027370],30.0,61.62741935483869,30.554516129032255,100.0,9.320252778,-74.57455833,MAGDALENA,SANTA ANA,41.0,23.0
RCA_MAGDALENA_ATL_BARRANQUILLA_LAS FLORES [29045180],32.0,58.735937500000006,31.5596875,100.0,11.039361111,-74.81975,ATLANTICO,BARRANQUILLA,77.0,17.0
RCA_MAGDALENA_BOL_CALAMAR_CALAMAR [29037020],39.0,59.04589743589744,30.29923076923077,100.0,10.244042,-74.914705,BOLÍVAR,CALAMAR,71.0,27.0
RCA_MAGDALENA_BOL_CORDOBA_TACAMOCHO[25027940],35.0,62.73138888888887,29.8475,100.0,9.493583333,-74.81538889,BOLÍVAR,CÓRDOBA,33.0,31.0
RCA_MAGDALENA_BOL_REGIDOR_REGIDOR [25027410],32.0,53.3865625,28.389375,93.75,8.666333333,-73.82080556,BOLÍVAR,REGIDOR,170.0,38.0
RCA_MAGDALENA_CUN_GIRARDOT_GIRARDOT [21237030],51.0,55.95549019607843,20.05450980392157,100.0,4.288073,-74.808592,CUNDINAMARCA,GIRARDOT,126.0,71.0
RCA_MAGDALENA_CUN_NARINO_NARINO [21237010],33.0,56.667575757575754,27.336666666666666,100.0,4.387777778,-74.838375,CUNDINAMARCA,NARIÑO,106.0,42.0
RCA_MAGDALENA_CUN_PUERTO SALGAR_PTO.SALGAR [23037010],60.0,50.545833333333334,26.867457627118647,88.33333333333333,5.469666667,-74.66216667,CUNDINAMARCA,PUERTO SALGAR,199.0,45.0
RCA_MAGDALENA_HUI_ALTAMIRA_PERICONGO [21027010],32.0,51.275,8.275,96.875,2.053166667,-75.85188889,HUILA,ALTAMIRA,194.0,148.0
RCA_MAGDALENA_HUI_GIGANTE_PASO DEL COLEGIO [21077020],59.0,57.66033898305085,16.43406779661017,98.30508474576271,2.462555556,-75.56686111,HUILA,GIGANTE,89.0,94.0
RCA_MAGDALENA_HUI_NEIVA_PTE.SANTANDER [21097070],57.0,55.887017543859656,4.855087719298246,96.49122807017544,2.942611111,-75.30852778,HUILA,NEIVA,128.0,170.0
RCA_MAGDALENA_MAG_EL BANCO_EL BANCO [25027020],39.0,58.5351282051282,27.403076923076924,94.87179487179486,8.992527778,-73.96944444,MAGDALENA,EL BANCO,80.0,41.0
RCA_MAGDALENA_SAN_BARRANCABERMEJA_BARRANCABERMEJA [23157030],13.0,52.5123076923077,30.814615384615387,100.0,7.060194444,-73.876,SANTANDER,BARRANCABERMEJA,182.0,21.0
RCA_MAGDALENA_TOL_FLANDES_ISLA DEL AMOR,51.0,55.939215686274494,19.203333333333337,100.0,4.281944444,-74.77694444,TOLIMA,FLANDES,127.0,75.0
RCA_MAGDALENA_TOL_NATAGAIMA_ANGOSTURA [21137050],77.0,56.69961538461539,15.156153846153844,97.43589743589743,3.44,-75.12,TOLIMA,NATAGAIMA,105.0,101.0
RCA_META_MET_PUERTO LOPEZ_PTE.LLERAS [35017020],37.0,62.606756756756766,32.380810810810814,100.0,4.103019444,-72.936383333,META,PUERTO LÓPEZ,35.0,13.0
RCA_META_VIC_PUERTO CARRENO_ACEITICO [35257040],38.0,65.7779487179487,28.701025641025645,100.0,6.1835,-68.441556,VICHADA,PUERTO CARREÑO,18.0,36.0
RCA_MINERO_BOY_PAUNA_BORBUR [23127010],37.0,61.31405405405406,31.489729729729728,100.0,5.649388889,-74.05502778,BOYACÁ,PAUNA,46.0,18.0
RCA_MONIQUIRA_BOY_MONIQUIRA_MONIQUIRA [24017600],44.0,56.23266666666666,7.590888888888889,95.55555555555556,5.878138889,-73.57025,BOYACÁ,MONIQUIRÁ,115.0,155.0
RCA_NARE_ANT_CARACOLI_CANTERAS [23087210],33.0,56.38999999999999,6.222424242424243,100.0,6.276083333,-74.67330556,ANTIOQUIA,PUERTO NARE,112.0,165.0
RCA_NECHI_ANT_NECHI_LA ESPERANZA [27037010],32.0,58.33848484848485,30.290909090909093,96.96969696969697,8.031943889,-74.788805556,ANTIOQUIA,NECHÍ,83.0,28.0
RCA_NEGRO_ANT_RIONEGRO_FRESERA LA [23087830],29.0,62.16827586206897,9.023793103448275,100.0,6.199722222,-75.33408333,ANTIOQUIA,RIONEGRO,39.0,143.0
RCA_NEGRO_ANT_RIONEGRO_PTE.REAL [23087150],35.0,61.55314285714286,4.555714285714285,100.0,6.143472222,-75.37994444,ANTIOQUIA,RIONEGRO,42.0,177.0
RCA_NEGRO_CUN_GUADUAS_GUADUERO [23067050],63.0,53.0231746031746,30.55079365079365,95.23809523809523,5.192111111,-74.57291667,CUNDINAMARCA,GUADUAS,176.0,24.0
RCA_NEGRO_CUN_NIMAIMA_TOBIA [23067060],54.0,55.3337037037037,19.327037037037034,94.44444444444444,5.125305556,-74.44705556,CUNDINAMARCA,NIMAIMA,140.0,74.0
RCA_NEGRO_CUN_PUERTO SALGAR_PTO.LIBRE [23067040],41.0,54.03048780487805,44.58878048780487,97.5609756097561,5.759222222,-74.63175,CUNDINAMARCA,PUERTO SALGAR,160.0,3.0
RCA_NEIVA_HUI_CAMPOALEGRE_PTE.MULAS [21107020],74.0,51.7408,6.330666666666666,93.33333333333333,2.566388889,-75.37427778,HUILA,CAMPOALEGRE,189.0,164.0
RCA_NEVADO_BOY_GUICAN_SAN LUIS [24037380],4.0,59.72,15.9875,100.0,6.459666667,-72.43086111,BOYACÁ,GUICÁN,64.0,98.0
RCA_OCOA_MET_VILLAVICENCIO_PTE.DELAMOR [35037130],37.0,75.85108108108109,0.8921621621621622,100.0,4.086083333,-73.668861,META,VILLAVICENCIO,5.0,212.0
RCA_OPON_SAN_SIMACOTA_PTE.FERROCARRIL [23147020],32.0,53.4915625,33.6340625,96.875,6.773611111,-73.935,SANTANDER,SIMACOTA,169.0,10.0
RCA_ORINOCO_VIC_CUMARIBO_PTO.NARINO [38027020],24.0,68.43791666666667,0.0,100.0,4.956861111,-67.83416667,VICHADA,CUMARIBO,11.0,214.0
RCA_ORINOCO_VIC_PUERTO CARRENO_PTO.CARRENO [38017010],38.0,73.38820512820514,0.0,100.0,6.176527778,-67.47958333,VICHADA,PUERTO CARREÑO,7.0,214.0
RCA_OTUN_RIS_SANTA ROSA DE CABAL_BANANERA LA 6-909 [26137110],32.0,50.98060606060606,0.0,96.96969696969697,4.773388889,-75.63305556,RISARALDA,PEREIRA,197.0,214.0
RCA_PAEZ_HUI_TESALIA_PAICOL [21057060],80.0,56.82567901234569,16.783456790123456,98.76543209876543,2.46,-75.76,HUILA,TESALIA,98.0,89.0
RCA_PAMPLONITA_NOR_CHINACOTA_LA DONJUANA [16017020],32.0,54.9240625,11.7378125,100.0,7.687972222,-72.60547222,NORTE DE SANTANDER,CHINÁCOTA,147.0,118.0
RCA_PAMPLONITA_NOR_CUCUTA_AGUAS CLARAS [16017010],37.0,53.53540540540541,19.46540540540541,97.2972972972973,8.233611111,-72.41722222,NORTE DE SANTANDER,CÚCUTA,168.0,72.0
RCA_PASTO_NAR_EL TAMBO_PROVIDENCIA [52047040],36.0,61.31833333333332,6.491666666666667,97.22222222222221,1.431944444,-77.30055556,NARIÑO,CHACHAGUÍ,45.0,163.0
RCA_PASTO_NAR_PASTO_BOCATOMA CENTENARIO [52047030],46.0,52.46630434782608,4.372391304347826,97.82608695652173,1.201388889,-77.24777778,NARIÑO,PASTO,183.0,180.0
RCA_PASTO_NAR_PASTO_UNIVERSIDAD [52047010],45.0,60.089111111111116,50.75911111111111,100.0,1.234333333,-77.29294444,NARIÑO,PASTO,56.0,2.0
RCA_PATIA_NAR_CUMBITARA_PTE.PUSMEO [52077010],40.0,59.810750000000006,26.446749999999998,97.5,1.624055556,-77.47891667,NARIÑO,CUMBITARA,63.0,47.0
RCA_PATIA_NAR_POLICARPA_PTE.GUASCAS [52017010],37.0,60.02783783783784,22.649459459459457,100.0,1.594277778,-77.42936111,NARIÑO,POLICARPA,57.0,61.0
RCA_PUTUMAYO_PUT_SANTIAGO_EDEN EL [47017070],40.0,65.20325,5.366,100.0,1.106305556,-76.985,PUTUMAYO,SANTIAGO,22.0,169.0
RCA_QDA.RINCON_CUN_LA CALERA_QDA.RINCON [35027500],13.0,41.787692307692296,0.0,76.92307692307693,4.664944444,-73.85738889,CUNDINAMARCA,LA CALERA,222.0,214.0
RCA_QDA.SAN ANTONIO_CAL_VILLAMARIA_SAN ANTONIO [26157210],10.0,35.8,0.0,80.0,4.886611111,-75.428972222,CALDAS,VILLAMARIA,228.0,214.0
RCA_RANCHERIA_LGU_ALBANIA_CUESTECITAS [15067050],27.0,58.76962962962963,20.397037037037038,100.0,11.18033333,-72.55344444,LA GUAJIRA,ALBANIA,76.0,68.0
RCA_RANCHERIA_LGU_RIOHACHA_PTE.CARRETERA [15067220],3.0,66.28666666666668,11.043333333333335,100.0,11.51097222,-72.85594444,LA GUAJIRA,RIOHACHA,13.0,129.0
RCA_RANCHERIA_LGU_SAN JUAN DEL CESAR_CERCADO EL [15067020],16.0,49.031875,0.0,93.75,10.9075,-73.00833333,LA GUAJIRA,FONSECA,208.0,214.0
RCA_RECIO_TOL_VENADILLO_NUEVA LA [21257100],32.0,55.63354838709677,11.357187500000002,96.875,4.795083333,-74.97194444,TOLIMA,VENADILLO,134.0,126.0
RCA_RUCIO_CUN_UBALA_MUNDONUEVO[35067130],53.0,62.5945283018868,10.192641509433964,94.33962264150944,4.852833333,-73.39297222,CUNDINAMARCA,UBALÁ,36.0,135.0
RCA_SALDANA_TOL_SALDANA_PIEDRAS DE COBRE [22057010],29.0,56.211724137931036,30.146896551724137,96.55172413793103,3.90865,-75.104,TOLIMA,SALDAÑA,116.0,29.0
RCA_SAN JORGE_BOL_MAGANGUE_SANANTONIO[25027180],26.0,61.021428571428565,5.441428571428571,100.0,9.039073,-74.767704,BOLÍVAR,MAGANGUÉ,48.0,168.0
RCA_SAN JORGE_COR_BUENAVISTA_MARRALU [25027120],33.0,65.79757575757574,26.899696969696972,100.0,8.32,-75.24,CORDOBA,AYAPEL,17.0,44.0
RCA_SAN JORGE_COR_MONTELIBANO_MONTELIBANO [25017010],30.0,60.82633333333334,31.218,100.0,7.98817,-75.417483,CORDOBA,MONTELÍBANO,49.0,20.0
RCA_SARDINATA_NOR_TIBU_CAMPO DOS [16037020],1.0,56.7,0.0,100.0,8.488055556,-72.63111111,NORTE DE SANTANDER,TIBÚ,104.0,214.0
RCA_SEVILLA_MAG_ZONA BANANERA_CANAL FLORIDA [29067050],18.0,51.25277777777777,3.6755555555555555,88.88888888888889,10.756182,-74.086145,MAGDALENA,ZONA BANANERA,195.0,185.0
RCA_SINU_COR_LORICA_LADOCTRINA [13077040],33.0,57.99333333333333,13.501818181818182,100.0,9.294874,-75.893375,CORDOBA,LORICA,86.0,109.0
RCA_SINU_COR_MONTERIA_MONTERIA [13067020],35.0,59.382,15.403142857142853,100.0,8.751611111,-75.89241667,CORDOBA,MONTERÍA,67.0,100.0
RCA_SOGAMOSO_SAN_LOS SANTOS_EL JUNCAL [2405700149],7.0,56.90714285714285,33.22714285714285,100.0,6.793777778,-73.198638889,SANTANDER,LOS SANTOS,95.0,11.0
RCA_SOGAMOSO_SAN_PUERTO WILCHES_PTE.SOGAMOSO [24067020],35.0,56.94176470588235,18.734,91.42857142857143,7.244166667,-73.7875,SANTANDER,PUERTO WILCHES,94.0,79.0
RCA_SUAREZ_SAN_PUENTE NACIONAL_PTE.NACIONAL [24017590],43.0,51.78681818181819,16.918181818181814,93.18181818181817,5.872777778,-73.67777778,SANTANDER,PUENTE NACIONAL,188.0,88.0
RCA_SUAZA_HUI_GUADALUPE_PTE.GARCES [21037010],68.0,55.591029411764715,8.305588235294119,97.05882352941177,2.03,-75.78,HUILA,ALTAMIRA,136.0,146.0
RCA_SUBIA_CUN_SILVANIA_SILVANIA [21197110],56.0,60.26642857142857,3.093571428571429,91.07142857142857,4.403055556,-74.385305556,CUNDINAMARCA,SILVANIA,53.0,189.0
RCA_SUMAPAZ_CUN_RICAURTE_SAN MIGUEL-SUMAPAZ [2119700147],50.0,58.58860000000001,14.620199999999997,100.0,4.248085,-74.744647,CUNDINAMARCA,RICAURTE,79.0,105.0
RCA_SUMAPAZ_TOL_ICONONZO_PLAYA LA [21197030],55.0,60.371818181818185,4.112,92.72727272727272,4.19225,-74.500722222,TOLIMA,ICONONZO,52.0,183.0
RCA_SUMAPAZ_TOL_MELGAR_LIMONAR EL [21197150],51.0,57.10960784313727,8.735098039215686,100.0,4.232555556,-74.62055556,TOLIMA,MELGAR,93.0,145.0
RCA_SURATA_SAN_BUCARAMANGA_MAJADAS [23197700],10.0,54.878,13.003,100.0,7.160277778,-73.09305556,SANTANDER,BUCARAMANGA,148.0,113.0
RCA_TUCURINCA_MAG_CIENAGA_TREBOL EL [29067010],17.0,57.15117647058824,3.671764705882353,94.11764705882352,10.63591667,-74.14633333,MAGDALENA,CIÉNAGA,92.0,186.0
RCA_UNE_CUN_UNE_CARAZA [35027100],56.0,61.417719298245615,4.527368421052632,98.24561403508771,4.428638889,-74.01019444,CUNDINAMARCA,UNE,44.0,178.0
RCA_VAUPES_VAU_MITU_MITU [42077020],33.0,75.15878787878788,0.0,96.96969696969697,1.259806,-70.239167,VAUPES,MITÚ,6.0,214.0
RCA_VETAS_SAN_SURATA_PUENTE PANEGA [23197270],9.0,56.13444444444444,23.487777777777776,100.0,7.341111111,-72.99,SANTANDER,SURATÁ,121.0,56.0
RCA_VICHADA_VIC_CUMARIBO_STA.RITA [33077010],30.0,68.65100000000001,0.0,100.0,4.866127,-68.362697,VICHADA,CUMARIBO,9.0,214.0
RCA_VILLETA_CUN_VILLETA_VILLETA [23067070],54.0,49.57185185185185,18.574814814814815,88.88888888888889,5.008583333,-74.467111111,CUNDINAMARCA,VILLETA,206.0,80.0
RCA_YAGUARA_HUI_YAGUARA_HDA.VENECIA [21087080],78.0,53.730384615384615,9.315641025641026,97.43589743589743,2.64,-75.54,HUILA,YAGUARÁ,165.0,141.0
RCA_ZULIA_NOR_DURANIA_SAN JAVIER-PTE.ZULIA [16027001],27.0,58.8062962962963,10.785925925925925,100.0,7.836388889,-72.65083333,NORTE DE SANTANDER,DURANIA,73.0,131.0
RCA_ZULIA_NOR_PUERTO SANTANDER_PTO.LEON [16027060],24.0,57.6675,23.976250000000004,100.0,8.350277778,-72.43472222,NORTE DE SANTANDER,PUERTO SANTANDER,88.0,53.0
SAN ALBERTO_CES_SAN ALBERTO_EL HOYO [23197410],7.0,56.075714285714284,18.884285714285713,100.0,7.684722222,-73.50888889,CESAR,SAN ALBERTO,124.0,78.0
SAN JUAN_ANT_CIUDAD BOLIVAR_REMOLINO EL [26197030],27.0,51.807037037037034,14.677037037037037,88.88888888888889,5.8808,-75.908311111,ANTIOQUIA,PUEBLORRICO,187.0,104.0
SOGAMOSO_SAN_PUERTO WILCHES_DESEMBOCADURA RIO SOGAMOSO,12.0,56.10166666666667,3.8433333333333337,100.0,2.971777778,-73.91583333,SANTANDER,PUERTO WILCHES,123.0,184.0
SUAZA_HUI_ACEVEDO_SAN MARCOS [21037020],26.0,54.528076923076924,1.758076923076923,100.0,1.752277778,-75.94541667,HUILA,ACEVEDO,154.0,203.0
SUAZA_HUI_GARZON_DESEMBOCADURA PTE.LA JAGUA,29.0,54.785172413793106,10.778275862068964,100.0,2.172778,-75.669722,HUILA,GARZÓN,150.0,132.0
SUAZA_HUI_SUAZA_PTE.AVISPERO,23.0,53.96217391304349,7.934347826086957,100.0,1.866686,-75.824,HUILA,SUAZA,161.0,151.0
VILLAVIEJA_HUI_TELLO_BOCATOMA TELLO,10.0,52.212,8.936000000000002,100.0,3.052222,-75.061667,HUILA,TELLO,185.0,144.0
YAGUARA_HUI_YAGUARA_LA FLORESTA,10.0,53.835,6.553,100.0,2.630278,-75.587778,HUILA,YAGUARÁ,163.0,160.0
